<?xml version="1.0" encoding="UTF-8"?> 
<java version="1.6.0-internal" class="java.beans.XMLDecoder"> 
 <object class="java.util.ArrayList"> 
  <void method="add"> 
   <object class="passwordstore.model.PasswordEntry"> 
    <void property="host"> 
     <string>Biocca Games</string> 
    </void> 
    <void property="lastAccessed"> 
     <long>1142641057960</long> 
    </void> 
    <void property="lastModified"> 
     <long>1142537634217</long> 
    </void> 
    <void property="notes"> 
     <string>Good selection of Sudoku.</string> 
    </void> 
    <void property="password"> 
     <string>!#asf6Awwzb</string> 
    </void> 
    <void property="user"> 
     <string>Freddy</string> 
    </void> 
    <void property="imagePath"> 
     <object class="java.net.URI"> 
      <string>default:///dice.gif</string> 
     </object> 
    </void> 
   </object> 
  </void> 

  <void method="add"> 
   <object class="passwordstore.model.PasswordEntry"> 
    <void property="host"> 
     <string>zabble</string> 
    </void> 
    <void property="lastAccessed"> 
     <long>1142641057960</long> 
    </void> 
    <void property="lastModified"> 
     <long>1141637634217</long> 
    </void> 
    <void property="notes"> 
     <string>Host zabble, in the lab.</string> 
    </void> 
    <void property="password"> 
     <string>Tazb!34$fZ</string> 
    </void> 
    <void property="user"> 
     <string>ichabod</string> 
    </void> 
    <void property="imagePath"> 
     <object class="java.net.URI"> 
      <string>default:///1.png</string> 
     </object> 
    </void> 
   </object> 
  </void> 

  <void method="add"> 
   <object class="passwordstore.model.PasswordEntry"> 
    <void property="host"> 
     <string>Sun Developer</string> 
    </void> 
    <void property="lastAccessed"> 
     <long>1142641057960</long> 
    </void> 
    <void property="lastModified"> 
     <long>1140637634217</long> 
    </void> 
    <void property="notes"> 
     <string>http://developer.sun.com</string> 
    </void> 
    <void property="password"> 
     <string>AasW541!fbZ</string> 
    </void> 
    <void property="user"> 
     <string>fraz@hotmail.com</string> 
    </void> 
    <void property="imagePath"> 
     <object class="java.net.URI"> 
      <string>default:///dukesign.GIF</string> 
     </object> 
    </void> 
   </object> 
  </void> 

  <void method="add"> 
   <object class="passwordstore.model.PasswordEntry"> 
    <void property="host"> 
     <string>Heirloom Seeds</string> 
    </void> 
    <void property="lastAccessed"> 
     <long>1142641057960</long> 
    </void> 
    <void property="lastModified"> 
     <long>1122637634217</long> 
    </void> 
    <void property="notes"> 
     <string>Great seed supplier.</string> 
    </void> 
    <void property="password"> 
     <string>bkz[ADF78!</string> 
    </void> 
    <void property="user"> 
     <string>shams@gmail.com</string> 
    </void> 
    <void property="imagePath"> 
     <object class="java.net.URI"> 
      <string>default:///flowers.gif</string> 
     </object> 
    </void> 
   </object> 
  </void> 

  <void method="add"> 
   <object class="passwordstore.model.PasswordEntry"> 
    <void property="host"> 
     <string>Pacific Zoo Shop</string> 
    </void> 
    <void property="lastAccessed"> 
     <long>1142641057960</long> 
    </void> 
    <void property="lastModified"> 
     <long>1140637634217</long> 
    </void> 
    <void property="notes"> 
     <string>Member #: FBS-5554, expires 8/08</string> 
    </void> 
    <void property="password"> 
     <string>vbAf124%z</string> 
    </void> 
    <void property="user"> 
     <string>seal@hotmail.com</string> 
    </void> 
    <void property="imagePath"> 
     <object class="java.net.URI"> 
      <string>default:///seal.gif</string> 
     </object> 
    </void> 
   </object> 
  </void> 

  <void method="add"> 
   <object class="passwordstore.model.PasswordEntry"> 
    <void property="host"> 
     <string>Alpine Bank</string> 
    </void> 
    <void property="lastAccessed"> 
     <long>1142641057960</long> 
    </void> 
    <void property="lastModified"> 
     <long>1139137634217</long> 
    </void> 
    <void property="notes"> 
     <string>Phone number: 800-555-1212</string> 
    </void> 
    <void property="password"> 
     <string>aZptaf!3ga</string> 
    </void> 
    <void property="user"> 
     <string>Molly</string> 
    </void> 
    <void property="imagePath"> 
     <object class="java.net.URI"> 
      <string>default:///mountain.gif</string> 
     </object> 
    </void> 
   </object> 
  </void> 

  <void method="add"> 
   <object class="passwordstore.model.PasswordEntry"> 
    <void property="host"> 
     <string>Case Pharmacy</string> 
    </void> 
    <void property="lastAccessed"> 
     <long>1141841057960</long> 
    </void> 
    <void property="lastModified"> 
     <long>1142637634217</long> 
    </void> 
    <void property="notes"> 
     <string>Great prices!</string> 
    </void> 
    <void property="password"> 
     <string>aazZz3T4$fZ</string> 
    </void> 
    <void property="user"> 
     <string>Freddy</string> 
    </void> 
    <void property="imagePath"> 
     <object class="java.net.URI"> 
      <string>default:///pills.gif</string> 
     </object> 
    </void> 
   </object> 
  </void> 

  <void method="add"> 
   <object class="passwordstore.model.PasswordEntry"> 
    <void property="host"> 
     <string>Parsec Shipping</string> 
    </void> 
    <void property="lastAccessed"> 
     <long>1142641057960</long> 
    </void> 
    <void property="lastModified"> 
     <long>1140537634217</long> 
    </void> 
    <void property="notes"> 
     <string>Mega-storage.</string> 
    </void> 
    <void property="password"> 
     <string>aSzyY93!</string> 
    </void> 
    <void property="user"> 
     <string>bob</string> 
    </void> 
    <void property="imagePath"> 
     <object class="java.net.URI"> 
      <string>default:///nebula.gif</string> 
     </object> 
    </void> 
   </object> 
  </void> 

  <void method="add"> 
   <object class="passwordstore.model.PasswordEntry"> 
    <void property="host"> 
     <string>Auction Antiques</string> 
    </void> 
    <void property="lastAccessed"> 
     <long>1142641057960</long> 
    </void> 
    <void property="lastModified"> 
     <long>1141137634217</long> 
    </void> 
    <void property="notes"> 
     <string>Lots of Victorian jewelry!</string> 
    </void> 
    <void property="password"> 
     <string>azas!123YTy</string> 
    </void> 
    <void property="user"> 
     <string>Beany</string> 
    </void> 
    <void property="imagePath"> 
     <object class="java.net.URI"> 
      <string>default:///pocketwatch.gif</string> 
     </object> 
    </void> 
   </object> 
  </void> 

  <void method="add"> 
   <object class="passwordstore.model.PasswordEntry"> 
    <void property="host"> 
     <string>All Weather</string> 
    </void> 
    <void property="lastAccessed"> 
     <long>1142641057960</long> 
    </void> 
    <void property="lastModified"> 
     <long>1127637634217</long> 
    </void> 
    <void property="password"> 
     <string>zXtyP~3a</string> 
    </void> 
    <void property="user"> 
     <string>starfire</string> 
    </void> 
    <void property="imagePath"> 
     <object class="java.net.URI"> 
      <string>default:///snowflake.gif</string> 
     </object> 
    </void> 
   </object> 
  </void> 

 </object> 
</java> 
